EcoSystems1;Rua das Flores;Lisboa;Sul
GlobalVentures2;Rua das Palmeiras;Coimbra;Centro
RedStar3;Avenida Brasil;Leiria;Sul
FutureGen4;Rua Nova;Funchal;Oeste
RedStar5;Avenida Brasil;Porto;Centro
FutureGen6;Rua das Flores;Braga;Sul
GreenSolutions7;Avenida da Liberdade;Évora;Oeste
MegaCorp8;Avenida Brasil;Viseu;Oeste
TechNova9;Rua do Comércio;Funchal;Centro
MegaCorp10;Rua das Palmeiras;Porto;Oeste
EcoSystems11;Rua da Paz;Braga;Sul
MegaCorp12;Rua do Comércio;Funchal;Sul
GreenSolutions13;Rua Nova;Braga;Oeste
FutureGen14;Rua das Flores;Coimbra;Oeste
RedStar15;Rua das Palmeiras;Coimbra;Centro
FutureGen16;Rua da Paz;Porto;Sul
InovaCorp17;Rua do Sol;Funchal;Leste
MegaCorp18;Rua dos Três Irmãos;Coimbra;Oeste
GlobalVentures19;Avenida das Américas;Funchal;Leste
GreenSolutions20;Rua do Sol;Braga;Oeste
GreenSolutions21;Rua das Palmeiras;Porto;Sul
GreenSolutions22;Avenida Brasil;Funchal;Oeste
AlfaTech23;Avenida Brasil;Funchal;Leste
GreenSolutions24;Rua do Comércio;Viseu;Centro
GreenSolutions25;Rua da Paz;Lisboa;Norte
TechNova26;Rua da Paz;Lisboa;Sul
MegaCorp27;Avenida da Liberdade;Évora;Centro
RedStar28;Rua Nova;Aveiro;Sul
AlfaTech29;Rua do Sol;Braga;Centro
RedStar30;Rua Nova;Funchal;Oeste
MegaCorp31;Avenida Brasil;Funchal;Norte
EcoSystems32;Avenida da Liberdade;Madeira;Norte
MaxPower33;Rua das Palmeiras;Leiria;Norte
MegaCorp34;Rua do Comércio;Aveiro;Oeste
AlfaTech35;Rua da Paz;Madeira;Norte
GlobalVentures36;Rua da Paz;Coimbra;Centro
InovaCorp37;Rua das Palmeiras;Braga;Sul
AlfaTech38;Rua das Flores;Coimbra;Sul
AlfaTech39;Avenida das Américas;Leiria;Leste
TechNova40;Avenida das Américas;Lisboa;Oeste
RedStar41;Rua do Comércio;Coimbra;Leste
MegaCorp42;Rua Nova;Viseu;Oeste
GlobalVentures43;Rua dos Três Irmãos;Coimbra;Leste
RedStar44;Rua das Flores;Lisboa;Oeste
MaxPower45;Avenida das Américas;Coimbra;Oeste
FutureGen46;Rua do Sol;Aveiro;Leste
FutureGen47;Avenida Brasil;Coimbra;Leste
MaxPower48;Rua Nova;Madeira;Norte
RedStar49;Rua da Paz;Coimbra;Oeste
EcoSystems50;Rua do Comércio;Évora;Sul
TechNova51;Avenida Brasil;Coimbra;Leste
MaxPower52;Rua das Flores;Lisboa;Oeste
GlobalVentures53;Rua das Palmeiras;Viseu;Centro
MegaCorp54;Avenida das Américas;Lisboa;Leste
EcoSystems55;Avenida Brasil;Aveiro;Leste
MegaCorp56;Rua da Paz;Braga;Centro
MegaCorp57;Rua do Comércio;Madeira;Oeste
MaxPower58;Rua da Paz;Madeira;Sul
EcoSystems59;Rua do Comércio;Coimbra;Norte
GreenSolutions60;Rua do Sol;Coimbra;Centro
FutureGen61;Avenida das Américas;Coimbra;Oeste
GlobalVentures62;Avenida das Américas;Funchal;Leste
RedStar63;Rua do Sol;Madeira;Leste
InovaCorp64;Rua da Paz;Leiria;Leste
InovaCorp65;Rua da Paz;Braga;Oeste
EcoSystems66;Rua Nova;Porto;Oeste
MegaCorp67;Rua dos Três Irmãos;Funchal;Sul
AlfaTech68;Rua do Sol;Funchal;Norte
RedStar69;Rua do Comércio;Lisboa;Centro
GlobalVentures70;Avenida das Américas;Lisboa;Leste
MegaCorp71;Rua do Comércio;Braga;Leste
FutureGen72;Rua do Sol;Porto;Centro
TechNova73;Rua Nova;Madeira;Oeste
MaxPower74;Avenida Brasil;Coimbra;Norte
GlobalVentures75;Rua da Paz;Aveiro;Leste
FutureGen76;Rua Nova;Lisboa;Oeste
RedStar77;Rua das Flores;Coimbra;Oeste
MegaCorp78;Rua Nova;Braga;Centro
EcoSystems79;Rua das Palmeiras;Leiria;Norte
FutureGen80;Rua dos Três Irmãos;Évora;Norte
MaxPower81;Avenida Brasil;Leiria;Centro
FutureGen82;Rua do Sol;Porto;Sul
RedStar83;Avenida Brasil;Braga;Sul
RedStar84;Rua dos Três Irmãos;Porto;Centro
RedStar85;Rua Nova;Évora;Oeste
RedStar86;Rua Nova;Braga;Centro
MegaCorp87;Rua das Flores;Évora;Norte
AlfaTech88;Rua dos Três Irmãos;Leiria;Sul
AlfaTech89;Avenida da Liberdade;Coimbra;Centro
AlfaTech90;Rua das Palmeiras;Leiria;Sul
EcoSystems91;Avenida das Américas;Viseu;Oeste
MegaCorp92;Avenida das Américas;Coimbra;Centro
EcoSystems93;Avenida Brasil;Coimbra;Oeste
MaxPower94;Avenida Brasil;Braga;Norte
RedStar95;Avenida das Américas;Aveiro;Centro
MegaCorp96;Avenida Brasil;Braga;Leste
FutureGen97;Rua do Sol;Braga;Leste
GlobalVentures98;Rua do Comércio;Lisboa;Leste
GlobalVentures99;Rua das Flores;Viseu;Centro
TechNova100;Rua das Palmeiras;Braga;Sul
GreenSolutions101;Rua da Paz;Viseu;Centro
GlobalVentures102;Rua das Flores;Évora;Norte
MaxPower103;Avenida das Américas;Évora;Norte
GreenSolutions104;Rua Nova;Lisboa;Centro
MegaCorp105;Rua do Sol;Madeira;Leste
AlfaTech106;Avenida da Liberdade;Évora;Sul
GlobalVentures107;Rua do Comércio;Aveiro;Sul
InovaCorp108;Avenida das Américas;Funchal;Sul
FutureGen109;Avenida Brasil;Leiria;Centro
MegaCorp110;Rua das Flores;Viseu;Norte
GlobalVentures111;Avenida das Américas;Viseu;Sul
TechNova112;Avenida da Liberdade;Aveiro;Centro
FutureGen113;Rua do Comércio;Coimbra;Norte
GreenSolutions114;Rua das Flores;Évora;Centro
GlobalVentures115;Rua da Paz;Lisboa;Oeste
MaxPower116;Avenida das Américas;Coimbra;Sul
EcoSystems117;Avenida das Américas;Porto;Sul
AlfaTech118;Rua Nova;Évora;Leste
GreenSolutions119;Rua das Flores;Coimbra;Norte
GlobalVentures120;Rua do Comércio;Braga;Centro
FutureGen121;Rua Nova;Porto;Oeste
MegaCorp122;Rua Nova;Évora;Centro
GreenSolutions123;Rua dos Três Irmãos;Funchal;Norte
GreenSolutions124;Rua dos Três Irmãos;Porto;Norte
EcoSystems125;Rua da Paz;Évora;Centro
InovaCorp126;Avenida da Liberdade;Viseu;Oeste
FutureGen127;Rua dos Três Irmãos;Viseu;Norte
MegaCorp128;Avenida Brasil;Funchal;Centro
GreenSolutions129;Avenida das Américas;Aveiro;Leste
MaxPower130;Rua das Flores;Porto;Sul
TechNova131;Rua das Palmeiras;Braga;Centro
GlobalVentures132;Rua do Sol;Madeira;Centro
RedStar133;Rua Nova;Braga;Norte
AlfaTech134;Rua das Palmeiras;Leiria;Leste
GreenSolutions135;Rua do Comércio;Aveiro;Norte
EcoSystems136;Rua das Flores;Porto;Leste
EcoSystems137;Rua das Flores;Coimbra;Oeste
InovaCorp138;Avenida Brasil;Leiria;Norte
GreenSolutions139;Rua Nova;Aveiro;Norte
AlfaTech140;Rua das Flores;Évora;Norte
GlobalVentures141;Avenida das Américas;Coimbra;Sul
RedStar142;Avenida das Américas;Braga;Centro
RedStar143;Rua da Paz;Évora;Leste
AlfaTech144;Rua das Flores;Madeira;Oeste
RedStar145;Rua Nova;Lisboa;Norte
MaxPower146;Avenida das Américas;Braga;Centro
FutureGen147;Avenida Brasil;Viseu;Oeste
InovaCorp148;Avenida das Américas;Braga;Leste
MaxPower149;Rua das Flores;Viseu;Oeste
AlfaTech150;Rua das Palmeiras;Évora;Centro
InovaCorp151;Rua das Flores;Évora;Oeste
GreenSolutions152;Rua das Palmeiras;Évora;Sul
MaxPower153;Rua do Comércio;Coimbra;Leste
EcoSystems154;Avenida da Liberdade;Funchal;Oeste
RedStar155;Rua da Paz;Évora;Oeste
EcoSystems156;Rua do Sol;Funchal;Norte
EcoSystems157;Avenida das Américas;Lisboa;Oeste
GreenSolutions158;Avenida das Américas;Braga;Oeste
GlobalVentures159;Rua Nova;Leiria;Leste
GreenSolutions160;Rua das Palmeiras;Braga;Centro
GreenSolutions161;Rua da Paz;Évora;Leste
FutureGen162;Rua da Paz;Leiria;Sul
GlobalVentures163;Rua das Palmeiras;Porto;Sul
TechNova164;Avenida da Liberdade;Madeira;Oeste
GreenSolutions165;Avenida da Liberdade;Porto;Sul
EcoSystems166;Rua das Flores;Évora;Leste
InovaCorp167;Rua das Palmeiras;Funchal;Norte
MegaCorp168;Avenida das Américas;Leiria;Norte
MegaCorp169;Avenida das Américas;Leiria;Sul
TechNova170;Rua dos Três Irmãos;Viseu;Sul
FutureGen171;Rua dos Três Irmãos;Funchal;Centro
GreenSolutions172;Rua das Palmeiras;Funchal;Leste
GlobalVentures173;Rua dos Três Irmãos;Aveiro;Centro
AlfaTech174;Rua dos Três Irmãos;Madeira;Norte
MegaCorp175;Rua das Flores;Coimbra;Sul
MegaCorp176;Avenida da Liberdade;Braga;Sul
FutureGen177;Rua dos Três Irmãos;Évora;Centro
RedStar178;Rua do Comércio;Porto;Norte
GreenSolutions179;Avenida Brasil;Porto;Leste
GreenSolutions180;Rua do Sol;Madeira;Norte
AlfaTech181;Avenida das Américas;Funchal;Sul
TechNova182;Rua da Paz;Aveiro;Norte
EcoSystems183;Avenida das Américas;Lisboa;Leste
MegaCorp184;Rua do Comércio;Porto;Sul
GreenSolutions185;Avenida da Liberdade;Aveiro;Leste
RedStar186;Avenida da Liberdade;Porto;Centro
AlfaTech187;Rua das Palmeiras;Viseu;Leste
FutureGen188;Avenida da Liberdade;Coimbra;Norte
EcoSystems189;Rua das Palmeiras;Funchal;Oeste
MaxPower190;Rua das Palmeiras;Évora;Norte
RedStar191;Rua das Palmeiras;Viseu;Oeste
MaxPower192;Avenida Brasil;Leiria;Leste
RedStar193;Avenida das Américas;Aveiro;Sul
FutureGen194;Rua das Palmeiras;Aveiro;Oeste
MegaCorp195;Rua Nova;Braga;Centro
RedStar196;Rua da Paz;Braga;Norte
InovaCorp197;Rua da Paz;Coimbra;Oeste
FutureGen198;Rua do Sol;Porto;Centro
InovaCorp199;Rua da Paz;Aveiro;Centro
EcoSystems200;Rua das Palmeiras;Évora;Norte
GlobalVentures201;Avenida Brasil;Braga;Norte
GlobalVentures202;Rua das Palmeiras;Funchal;Leste
TechNova203;Rua das Palmeiras;Braga;Sul
InovaCorp204;Rua do Sol;Leiria;Norte
MaxPower205;Avenida da Liberdade;Porto;Centro
TechNova206;Rua das Flores;Coimbra;Leste
GlobalVentures207;Avenida Brasil;Madeira;Leste
EcoSystems208;Rua das Flores;Évora;Leste
MegaCorp209;Avenida Brasil;Aveiro;Norte
FutureGen210;Rua do Comércio;Madeira;Sul
GreenSolutions211;Rua da Paz;Lisboa;Sul
GreenSolutions212;Rua dos Três Irmãos;Aveiro;Centro
TechNova213;Rua Nova;Lisboa;Leste
GlobalVentures214;Avenida Brasil;Porto;Sul
GlobalVentures215;Rua do Sol;Madeira;Norte
RedStar216;Rua Nova;Porto;Leste
FutureGen217;Rua das Palmeiras;Leiria;Leste
MegaCorp218;Rua das Flores;Coimbra;Sul
MaxPower219;Rua dos Três Irmãos;Lisboa;Sul
AlfaTech220;Rua dos Três Irmãos;Funchal;Norte
InovaCorp221;Avenida das Américas;Braga;Sul
GlobalVentures222;Rua dos Três Irmãos;Viseu;Oeste
EcoSystems223;Rua Nova;Braga;Centro
FutureGen224;Avenida Brasil;Coimbra;Centro
GreenSolutions225;Rua das Flores;Madeira;Leste
GlobalVentures226;Avenida Brasil;Funchal;Norte
GreenSolutions227;Avenida da Liberdade;Leiria;Norte
TechNova228;Rua Nova;Madeira;Oeste
MaxPower229;Rua das Flores;Leiria;Oeste
MaxPower230;Avenida Brasil;Leiria;Norte
FutureGen231;Rua dos Três Irmãos;Évora;Sul
InovaCorp232;Rua das Palmeiras;Évora;Norte
TechNova233;Rua Nova;Viseu;Sul
MegaCorp234;Rua dos Três Irmãos;Évora;Norte
AlfaTech235;Avenida das Américas;Braga;Norte
FutureGen236;Rua Nova;Aveiro;Norte
MaxPower237;Avenida Brasil;Évora;Leste
EcoSystems238;Avenida da Liberdade;Aveiro;Leste
MaxPower239;Avenida Brasil;Coimbra;Leste
FutureGen240;Rua das Palmeiras;Viseu;Oeste
EcoSystems241;Rua Nova;Aveiro;Centro
GlobalVentures242;Rua das Flores;Funchal;Oeste
RedStar243;Rua das Palmeiras;Évora;Centro
FutureGen244;Rua do Comércio;Coimbra;Sul
GreenSolutions245;Avenida das Américas;Évora;Centro
InovaCorp246;Rua da Paz;Porto;Sul
RedStar247;Rua do Sol;Lisboa;Norte
EcoSystems248;Rua Nova;Évora;Sul
TechNova249;Rua do Comércio;Funchal;Oeste
MaxPower250;Avenida Brasil;Porto;Norte
MegaCorp251;Rua da Paz;Leiria;Norte
AlfaTech252;Avenida da Liberdade;Coimbra;Centro
RedStar253;Rua do Comércio;Madeira;Oeste
EcoSystems254;Avenida Brasil;Madeira;Sul
InovaCorp255;Rua Nova;Coimbra;Leste
InovaCorp256;Avenida da Liberdade;Coimbra;Oeste
MaxPower257;Avenida Brasil;Madeira;Sul
FutureGen258;Rua do Comércio;Viseu;Norte
FutureGen259;Avenida Brasil;Leiria;Centro
InovaCorp260;Avenida Brasil;Viseu;Sul
EcoSystems261;Avenida Brasil;Coimbra;Oeste
EcoSystems262;Avenida Brasil;Porto;Norte
GlobalVentures263;Avenida da Liberdade;Évora;Centro
FutureGen264;Avenida das Américas;Funchal;Norte
MaxPower265;Avenida das Américas;Lisboa;Norte
FutureGen266;Avenida Brasil;Aveiro;Oeste
FutureGen267;Rua Nova;Évora;Leste
TechNova268;Rua das Flores;Madeira;Oeste
GlobalVentures269;Rua das Palmeiras;Leiria;Centro
GlobalVentures270;Rua dos Três Irmãos;Funchal;Centro
GreenSolutions271;Rua do Sol;Leiria;Sul
InovaCorp272;Avenida das Américas;Coimbra;Centro
AlfaTech273;Avenida da Liberdade;Aveiro;Leste
InovaCorp274;Rua da Paz;Coimbra;Oeste
MaxPower275;Rua do Comércio;Funchal;Oeste
TechNova276;Rua do Comércio;Braga;Norte
RedStar277;Avenida da Liberdade;Funchal;Centro
FutureGen278;Avenida das Américas;Évora;Centro
EcoSystems279;Rua das Palmeiras;Évora;Centro
MaxPower280;Rua das Palmeiras;Madeira;Centro
TechNova281;Rua Nova;Porto;Sul
GreenSolutions282;Rua das Flores;Aveiro;Leste
FutureGen283;Rua Nova;Coimbra;Centro
MegaCorp284;Avenida da Liberdade;Funchal;Sul
EcoSystems285;Rua das Flores;Porto;Sul
MaxPower286;Rua da Paz;Aveiro;Oeste
RedStar287;Rua Nova;Aveiro;Centro
FutureGen288;Rua do Sol;Viseu;Sul
InovaCorp289;Avenida da Liberdade;Madeira;Norte
GlobalVentures290;Rua das Flores;Leiria;Sul
AlfaTech291;Rua das Palmeiras;Funchal;Norte
EcoSystems292;Rua do Comércio;Viseu;Leste
RedStar293;Rua das Flores;Porto;Leste
MegaCorp294;Rua das Palmeiras;Coimbra;Norte
FutureGen295;Rua do Sol;Coimbra;Norte
GlobalVentures296;Rua da Paz;Viseu;Centro
InovaCorp297;Rua do Comércio;Porto;Oeste
GlobalVentures298;Rua do Sol;Porto;Centro
RedStar299;Rua da Paz;Aveiro;Norte
GlobalVentures300;Rua do Sol;Coimbra;Leste
InovaCorp301;Rua do Sol;Lisboa;Oeste
GreenSolutions302;Rua da Paz;Porto;Oeste
GreenSolutions303;Rua dos Três Irmãos;Madeira;Centro
GreenSolutions304;Avenida das Américas;Viseu;Sul
AlfaTech305;Rua da Paz;Braga;Centro
EcoSystems306;Rua do Comércio;Funchal;Sul
EcoSystems307;Rua do Comércio;Évora;Oeste
AlfaTech308;Rua dos Três Irmãos;Viseu;Oeste
MaxPower309;Avenida da Liberdade;Braga;Centro
GlobalVentures310;Rua do Comércio;Braga;Leste
TechNova311;Rua da Paz;Funchal;Leste
FutureGen312;Rua das Flores;Coimbra;Centro
GreenSolutions313;Rua das Palmeiras;Funchal;Oeste
InovaCorp314;Rua Nova;Coimbra;Norte
AlfaTech315;Rua Nova;Funchal;Sul
EcoSystems316;Rua do Comércio;Leiria;Centro
GlobalVentures317;Rua das Palmeiras;Funchal;Oeste
GlobalVentures318;Rua do Comércio;Funchal;Sul
AlfaTech319;Rua das Flores;Viseu;Norte
MegaCorp320;Avenida das Américas;Viseu;Oeste
GreenSolutions321;Avenida Brasil;Porto;Norte
GlobalVentures322;Rua do Comércio;Viseu;Sul
TechNova323;Avenida da Liberdade;Funchal;Leste
TechNova324;Rua do Sol;Coimbra;Sul
GlobalVentures325;Avenida da Liberdade;Viseu;Centro
FutureGen326;Avenida da Liberdade;Funchal;Oeste
TechNova327;Avenida da Liberdade;Braga;Leste
MegaCorp328;Avenida Brasil;Évora;Leste
AlfaTech329;Rua das Palmeiras;Porto;Sul
FutureGen330;Avenida das Américas;Leiria;Centro
GreenSolutions331;Avenida da Liberdade;Madeira;Sul
InovaCorp332;Avenida Brasil;Leiria;Norte
GreenSolutions333;Rua do Sol;Funchal;Centro
FutureGen334;Rua dos Três Irmãos;Coimbra;Centro
RedStar335;Avenida Brasil;Aveiro;Leste
RedStar336;Rua Nova;Coimbra;Oeste
EcoSystems337;Rua do Sol;Viseu;Oeste
AlfaTech338;Rua das Palmeiras;Porto;Sul
RedStar339;Rua Nova;Lisboa;Norte
InovaCorp340;Rua dos Três Irmãos;Viseu;Norte
GreenSolutions341;Rua das Flores;Braga;Norte
EcoSystems342;Rua do Comércio;Coimbra;Norte
MaxPower343;Rua do Sol;Aveiro;Norte
AlfaTech344;Avenida das Américas;Évora;Centro
MaxPower345;Rua Nova;Coimbra;Centro
MegaCorp346;Rua das Flores;Aveiro;Norte
EcoSystems347;Rua das Flores;Lisboa;Sul
MaxPower348;Rua do Comércio;Madeira;Norte
GlobalVentures349;Rua das Flores;Viseu;Oeste
FutureGen350;Rua das Flores;Coimbra;Oeste
RedStar351;Avenida da Liberdade;Madeira;Oeste
MegaCorp352;Rua Nova;Madeira;Centro
MegaCorp353;Avenida Brasil;Coimbra;Oeste
RedStar354;Rua das Palmeiras;Aveiro;Oeste
InovaCorp355;Avenida das Américas;Lisboa;Oeste
TechNova356;Rua das Palmeiras;Leiria;Norte
MegaCorp357;Rua da Paz;Madeira;Sul
InovaCorp358;Rua dos Três Irmãos;Coimbra;Leste
InovaCorp359;Rua das Palmeiras;Porto;Leste
MegaCorp360;Rua Nova;Lisboa;Norte
GreenSolutions361;Rua Nova;Viseu;Oeste
FutureGen362;Rua dos Três Irmãos;Leiria;Sul
EcoSystems363;Rua do Comércio;Lisboa;Norte
MegaCorp364;Rua Nova;Leiria;Centro
InovaCorp365;Rua do Comércio;Aveiro;Norte
AlfaTech366;Rua das Palmeiras;Madeira;Leste
MegaCorp367;Rua dos Três Irmãos;Braga;Norte
TechNova368;Rua do Comércio;Porto;Oeste
FutureGen369;Avenida Brasil;Funchal;Oeste
MaxPower370;Rua das Palmeiras;Lisboa;Norte
MaxPower371;Avenida Brasil;Funchal;Norte
RedStar372;Avenida Brasil;Braga;Oeste
MegaCorp373;Rua do Sol;Leiria;Sul
FutureGen374;Rua do Sol;Lisboa;Centro
GlobalVentures375;Rua das Flores;Funchal;Centro
InovaCorp376;Rua do Sol;Aveiro;Oeste
AlfaTech377;Rua Nova;Viseu;Leste
GreenSolutions378;Rua dos Três Irmãos;Braga;Leste
FutureGen379;Rua do Sol;Coimbra;Leste
AlfaTech380;Rua do Sol;Madeira;Centro
TechNova381;Rua da Paz;Madeira;Sul
AlfaTech382;Avenida das Américas;Braga;Oeste
GreenSolutions383;Avenida das Américas;Funchal;Centro
MaxPower384;Rua do Sol;Lisboa;Sul
EcoSystems385;Rua do Sol;Funchal;Leste
AlfaTech386;Avenida da Liberdade;Madeira;Oeste
AlfaTech387;Rua do Sol;Madeira;Centro
GlobalVentures388;Rua da Paz;Braga;Leste
TechNova389;Rua Nova;Évora;Norte
MegaCorp390;Avenida Brasil;Madeira;Norte
GreenSolutions391;Rua da Paz;Funchal;Centro
FutureGen392;Rua das Flores;Leiria;Leste
EcoSystems393;Avenida da Liberdade;Coimbra;Leste
RedStar394;Rua das Flores;Lisboa;Sul
InovaCorp395;Rua dos Três Irmãos;Viseu;Sul
MegaCorp396;Rua dos Três Irmãos;Évora;Centro
GlobalVentures397;Rua do Comércio;Lisboa;Leste
GreenSolutions398;Rua das Palmeiras;Lisboa;Leste
MaxPower399;Avenida das Américas;Lisboa;Norte
GreenSolutions400;Rua da Paz;Lisboa;Leste
AlfaTech401;Rua da Paz;Lisboa;Centro
FutureGen402;Rua dos Três Irmãos;Madeira;Oeste
AlfaTech403;Rua das Palmeiras;Lisboa;Norte
FutureGen404;Rua do Comércio;Porto;Oeste
InovaCorp405;Avenida das Américas;Évora;Oeste
GlobalVentures406;Rua da Paz;Funchal;Sul
FutureGen407;Avenida da Liberdade;Évora;Norte
GlobalVentures408;Rua Nova;Madeira;Centro
FutureGen409;Rua das Palmeiras;Porto;Centro
InovaCorp410;Rua dos Três Irmãos;Aveiro;Sul
GlobalVentures411;Rua dos Três Irmãos;Évora;Centro
AlfaTech412;Rua da Paz;Coimbra;Sul
RedStar413;Avenida da Liberdade;Braga;Oeste
MaxPower414;Avenida Brasil;Porto;Sul
InovaCorp415;Rua do Sol;Lisboa;Norte
GlobalVentures416;Rua do Sol;Funchal;Leste
GlobalVentures417;Rua do Comércio;Porto;Oeste
AlfaTech418;Rua Nova;Coimbra;Sul
RedStar419;Rua do Sol;Braga;Norte
GreenSolutions420;Avenida Brasil;Viseu;Norte
MegaCorp421;Avenida das Américas;Coimbra;Centro
RedStar422;Avenida da Liberdade;Porto;Leste
RedStar423;Rua das Palmeiras;Leiria;Leste
GlobalVentures424;Rua Nova;Aveiro;Sul
FutureGen425;Avenida da Liberdade;Coimbra;Norte
TechNova426;Rua do Sol;Madeira;Norte
RedStar427;Avenida Brasil;Viseu;Norte
MaxPower428;Rua das Palmeiras;Lisboa;Centro
EcoSystems429;Rua dos Três Irmãos;Funchal;Sul
FutureGen430;Rua dos Três Irmãos;Coimbra;Oeste
MegaCorp431;Rua das Palmeiras;Funchal;Leste
MaxPower432;Rua das Flores;Aveiro;Norte
TechNova433;Rua Nova;Funchal;Sul
InovaCorp434;Avenida das Américas;Porto;Norte
MegaCorp435;Rua dos Três Irmãos;Évora;Oeste
FutureGen436;Rua do Comércio;Madeira;Oeste
EcoSystems437;Avenida da Liberdade;Évora;Centro
EcoSystems438;Rua dos Três Irmãos;Aveiro;Oeste
AlfaTech439;Avenida da Liberdade;Funchal;Sul
AlfaTech440;Rua dos Três Irmãos;Leiria;Oeste
MegaCorp441;Avenida das Américas;Évora;Centro
GlobalVentures442;Rua do Sol;Porto;Leste
EcoSystems443;Rua do Comércio;Madeira;Oeste
InovaCorp444;Rua dos Três Irmãos;Lisboa;Sul
RedStar445;Avenida Brasil;Lisboa;Norte
GreenSolutions446;Rua Nova;Leiria;Oeste
MaxPower447;Avenida das Américas;Évora;Norte
TechNova448;Avenida da Liberdade;Madeira;Oeste
MegaCorp449;Rua Nova;Porto;Norte
GlobalVentures450;Rua Nova;Lisboa;Oeste
MegaCorp451;Rua dos Três Irmãos;Leiria;Leste
InovaCorp452;Rua dos Três Irmãos;Aveiro;Oeste
MaxPower453;Avenida Brasil;Aveiro;Norte
EcoSystems454;Rua dos Três Irmãos;Évora;Centro
EcoSystems455;Avenida da Liberdade;Leiria;Leste
FutureGen456;Avenida da Liberdade;Braga;Sul
InovaCorp457;Avenida da Liberdade;Porto;Oeste
MaxPower458;Rua do Sol;Lisboa;Norte
InovaCorp459;Rua dos Três Irmãos;Coimbra;Sul
MaxPower460;Avenida Brasil;Leiria;Norte
GlobalVentures461;Avenida da Liberdade;Leiria;Norte
MegaCorp462;Rua Nova;Funchal;Centro
GlobalVentures463;Rua da Paz;Funchal;Centro
MegaCorp464;Avenida das Américas;Coimbra;Centro
EcoSystems465;Rua do Comércio;Aveiro;Leste
GlobalVentures466;Rua do Sol;Porto;Leste
AlfaTech467;Avenida das Américas;Leiria;Oeste
TechNova468;Avenida da Liberdade;Funchal;Oeste
AlfaTech469;Rua dos Três Irmãos;Madeira;Sul
AlfaTech470;Avenida da Liberdade;Coimbra;Norte
TechNova471;Avenida das Américas;Funchal;Leste
RedStar472;Rua das Flores;Viseu;Sul
GreenSolutions473;Rua Nova;Lisboa;Sul
GlobalVentures474;Rua do Sol;Viseu;Centro
RedStar475;Rua do Comércio;Funchal;Centro
FutureGen476;Rua Nova;Leiria;Oeste
TechNova477;Rua dos Três Irmãos;Évora;Norte
InovaCorp478;Rua Nova;Lisboa;Centro
EcoSystems479;Rua do Comércio;Viseu;Norte
EcoSystems480;Avenida Brasil;Coimbra;Centro
EcoSystems481;Avenida da Liberdade;Coimbra;Leste
GreenSolutions482;Avenida das Américas;Funchal;Leste
TechNova483;Rua Nova;Aveiro;Centro
MegaCorp484;Avenida Brasil;Évora;Centro
TechNova485;Rua das Flores;Madeira;Sul
RedStar486;Rua do Sol;Braga;Sul
GlobalVentures487;Rua da Paz;Évora;Norte
InovaCorp488;Rua da Paz;Coimbra;Norte
InovaCorp489;Rua do Comércio;Porto;Leste
InovaCorp490;Rua das Palmeiras;Viseu;Norte
AlfaTech491;Rua das Palmeiras;Coimbra;Centro
EcoSystems492;Rua Nova;Funchal;Oeste
MaxPower493;Avenida das Américas;Leiria;Oeste
GreenSolutions494;Rua do Comércio;Madeira;Leste
InovaCorp495;Rua das Palmeiras;Braga;Norte
InovaCorp496;Rua das Flores;Braga;Sul
FutureGen497;Rua dos Três Irmãos;Aveiro;Sul
InovaCorp498;Avenida da Liberdade;Viseu;Leste
GlobalVentures499;Rua das Flores;Funchal;Centro
FutureGen500;Rua das Palmeiras;Coimbra;Oeste
